{
  "shares": {
    "META": 0.16323771744029575,
    "V": 0.17868112134591563,
    "NVDA": 0.31192840791854376,
    "MSFT": 0.16037997190454925,
    "MA": 0.08158125422279051,
    "ABBV": 0.1562160845466796,
    "NFLX": 0.4787405002108056,
    "UNH": 0.07904735254316397,
    "HD": 0.09068495122014367,
    "PM": 0.1548413332230774,
    "AXP": 0.056925014231253554,
    "VZ": 0.4527150272090746,
    "MCD": 0.069811844314547,
    "AMGN": 0.04901019866966357,
    "UNP": 0.05799896802584457,
    "T": 0.7718703274077239,
    "GILD": 0.11992977399769622,
    "ETN": 0.03397202004484581,
    "DE": 0.021998475764879673,
    "PLD": 0.09727085548111286,
    "BKNG": 0.07011828320410426,
    "DELL": 0.029879725282982467,
    "SPGI": 0.029655524592952932,
    "QCOM": 0.060496387764665135,
    "PANW": 0.03097787882530289,
    "MO": 0.15243853210513753,
    "PH": 0.010484486103962421,
    "MDT": 0.1263257940248277,
    "NEM": 0.10294535998967087,
    "TT": 0.01961441380074545,
    "CMCSA": 0.3583755705905752,
    "ELV": 0.020433580999486674,
    "WDC": 0.014212363914399685,
    "CSX": 0.17182188622848643,
    "MCO": 0.017088692765616843,
    "FDX": 0.0251806416487653,
    "MRSH": 0.04533462285724146,
    "ECL": 0.024080726347737152,
    "NSC": 0.019759715880603997,
    "AON": 0.01747293498489029,
    "NOW": 0.053902185833803774,
    "FTNT": 0.03272488011363755,
    "ACN": 0.03967513999026963,
    "ROK": 0.01036100653398582,
    "NDAQ": 0.05804908746202548,
    "ADBE": 0.022762353293447554,
    "EW": 0.048942833244004266,
    "MSCI": 0.007047833993150257,
    "MET": 0.04474714578033481,
    "INTU": 0.014235064930432485,
    "CMG": 0.10576716929893518,
    "PYPL": 0.0839993408463194,
    "KDP": 0.11093350446366489,
    "XYZ": 0.04799495730953998,
    "CIEN": 0.007355983116655716,
    "WAT": 0.008996114580961235,
    "HSY": 0.019039015421093024,
    "LVS": 0.07138704487378825,
    "LITE": 0.00399620663502946,
    "UAL": 0.022952347097725794,
    "IQV": 0.015263537509686584,
    "KVUE": 0.15527681128928442,
    "EL": 0.03639506130650688,
    "PCG": 0.17510264205188694,
    "GEHC": 0.0447340533157444,
    "VEEV": 0.014663720863302677,
    "OTIS": 0.03824109143089155,
    "TPR": 0.018065841732665674,
    "IR": 0.03217042580620694,
    "XYL": 0.022182149951301845,
    "NTRS": 0.013104501681686294,
    "VRSK": 0.012525313302841035,
    "NRG": 0.01563281606937194,
    "SBAC": 0.012177596405394953,
    "LH": 0.007401192366929678,
    "CHD": 0.021613522734805088,
    "PPL": 0.058985137233732596,
    "PPG": 0.01713604530465394,
    "RL": 0.00527875630183604,
    "ESS": 0.006439970602362532,
    "ES": 0.026328955063534807,
    "EFX": 0.011721961501517983,
    "NTAP": 0.010236605385705814,
    "LII": 0.0028031105139304114,
    "AMCR": 0.03438933080149348,
    "DECK": 0.014958141610668977,
    "BBY": 0.018136738175466294,
    "REG": 0.01764772964223448,
    "BALL": 0.021063163160527632,
    "DOC": 0.06010399084321377,
    "HAS": 0.01351031533889801,
    "AVY": 0.006746875356064837,
    "BXP": 0.01624188666530631,
    "SWK": 0.012048941529035588,
    "CLX": 0.010376480700321157,
    "FRT": 0.008309112363559372,
    "PTC": 0.005846970965311066
  },
  "rebal_date": "2026-07-02",
  "rebal_prices": {
    "ABBV": 251.05999755859375,
    "ACN": 131.1300048828125,
    "ADBE": 210.97999572753906,
    "AMCR": 43.63999938964844,
    "AMGN": 361.3299865722656,
    "AON": 343.55999755859375,
    "AVY": 163.1199951171875,
    "AXP": 348.0,
    "BALL": 61.75,
    "BBY": 77.2300033569336,
    "BKNG": 182.63999938964844,
    "BXP": 67.76000213623047,
    "CHD": 97.20999908447266,
    "CIEN": 462.44000244140625,
    "CLX": 96.41999816894531,
    "CMCSA": 23.729999542236328,
    "CMG": 35.0,
    "CSX": 48.33000183105469,
    "DE": 627.6300048828125,
    "DECK": 100.33000183105469,
    "DELL": 425.25,
    "DOC": 21.639999389648438,
    "ECL": 278.3699951171875,
    "EFX": 162.1699981689453,
    "EL": 82.47000122070312,
    "ELV": 416.19000244140625,
    "ES": 72.19999694824219,
    "ESS": 295.17999267578125,
    "ETN": 412.30999755859375,
    "EW": 91.98999786376953,
    "FDX": 313.8900146484375,
    "FRT": 120.41000366210938,
    "FTNT": 158.97999572753906,
    "GEHC": 64.86000061035156,
    "GILD": 125.97000122070312,
    "HAS": 81.45999908447266,
    "HD": 350.8399963378906,
    "HSY": 178.6699981689453,
    "INTU": 267.0799865722656,
    "IQV": 203.1999969482422,
    "IR": 80.86000061035156,
    "KDP": 33.369998931884766,
    "KVUE": 19.329999923706055,
    "LH": 283.8800048828125,
    "LII": 571.0800170898438,
    "LITE": 801.1599731445312,
    "LVS": 46.25,
    "MA": 522.4400024414062,
    "MCD": 269.42999267578125,
    "MCO": 468.3800048828125,
    "MDT": 79.19999694824219,
    "MET": 87.19999694824219,
    "META": 612.9099731445312,
    "MO": 71.54000091552734,
    "MRSH": 172.13999938964844,
    "MSCI": 582.030029296875,
    "MSFT": 384.2799987792969,
    "NDAQ": 82.7300033569336,
    "NEM": 93.30000305175781,
    "NFLX": 74.19000244140625,
    "NOW": 105.80000305175781,
    "NRG": 140.8000030517578,
    "NSC": 318.989990234375,
    "NTAP": 156.3800048828125,
    "NTRS": 175.60000610351562,
    "NVDA": 197.5800018310547,
    "OTIS": 70.63999938964844,
    "PANW": 352.0400085449219,
    "PCG": 16.56999969482422,
    "PH": 963.8099975585938,
    "PLD": 136.8000030517578,
    "PM": 177.69000244140625,
    "PPG": 122.61000061035156,
    "PPL": 35.619998931884766,
    "PTC": 119.77999877929688,
    "PYPL": 44.06999969482422,
    "QCOM": 181.9199981689453,
    "REG": 79.37000274658203,
    "RL": 398.0199890136719,
    "ROK": 482.82000732421875,
    "SBAC": 180.75,
    "SPGI": 414.9700012207031,
    "SWK": 91.33999633789062,
    "T": 20.479999542236328,
    "TPR": 143.99000549316406,
    "TT": 484.5799865722656,
    "UAL": 135.1300048828125,
    "UNH": 426.5400085449219,
    "UNP": 277.7300109863281,
    "V": 351.0799865722656,
    "VEEV": 184.22000122070312,
    "VRSK": 183.72000122070312,
    "VZ": 41.9900016784668,
    "WAT": 378.1300048828125,
    "WDC": 598.3699951171875,
    "XYL": 117.2699966430664,
    "XYZ": 77.12999725341797
  },
  "target_weights": {
    "META": 0.10005002501250625,
    "V": 0.06273136568284142,
    "NVDA": 0.06163081540770385,
    "MSFT": 0.06163081540770385,
    "MA": 0.04262131065532766,
    "ABBV": 0.03921960980490245,
    "NFLX": 0.03551775887943972,
    "UNH": 0.03371685842921461,
    "HD": 0.03181590795397699,
    "PM": 0.027513756878439218,
    "AXP": 0.019809904952476236,
    "VZ": 0.019009504752376186,
    "MCD": 0.018809404702351176,
    "AMGN": 0.017708854427213608,
    "UNP": 0.016108054027013506,
    "T": 0.01580790395197599,
    "GILD": 0.015107553776888443,
    "ETN": 0.014007003501750874,
    "DE": 0.013806903451725862,
    "PLD": 0.013306653326663332,
    "BKNG": 0.0128064032016008,
    "DELL": 0.012706353176588294,
    "SPGI": 0.012306153076538269,
    "QCOM": 0.011005502751375688,
    "PANW": 0.010905452726363183,
    "MO": 0.010905452726363183,
    "PH": 0.010105052526263132,
    "MDT": 0.010005002501250625,
    "NEM": 0.0096048024012006,
    "TT": 0.009504752376188093,
    "CMCSA": 0.008504252126063032,
    "ELV": 0.008504252126063032,
    "WDC": 0.008504252126063032,
    "CSX": 0.008304152076038018,
    "MCO": 0.0080040020010005,
    "FDX": 0.007903951975987995,
    "MRSH": 0.007803901950975488,
    "ECL": 0.006703351675837919,
    "NSC": 0.006303151575787894,
    "AON": 0.006003001500750375,
    "NOW": 0.005702851425712856,
    "FTNT": 0.005202601300650325,
    "ACN": 0.005202601300650325,
    "ROK": 0.0050025012506253125,
    "NDAQ": 0.0048024012006003,
    "ADBE": 0.0048024012006003,
    "EW": 0.004502251125562781,
    "MSCI": 0.004102051025512756,
    "MET": 0.003901950975487744,